,specialty,university,mark_mean_years,placesCount_years,budgetCount_years,contractCount_years,budget_mark_mean_years,abit_count_years,mark_max_years,mark_min_years,budget_mark_max_years,budget_mark_min_years
0,Хімія,Харківський національний університет імені В.Н. Каразіна,177.9258243478261,100.0,55.10434782608696,44.89565217391304,183.3891261756181,193.03826086956522,200.0,134.19255652173914,200.0,157.35705739130435
214,"Фінанси,банківськасправатастрахування",Харківський національний університет імені В.Н. Каразіна,164.59928453038677,99.65469613259668,30.484806629834253,69.16988950276243,179.98142412742263,235.8314917127072,198.4005055248619,117.90632872928177,188.9720276243094,160.6912762430939
518,Філософія,Харківський національний університет імені В.Н. Каразіна,159.28995953757223,33.8150289017341,15.034682080924856,18.78034682080925,179.76538041907514,94.59537572254335,193.78517919075145,119.38106358381502,187.28232658959536,160.03433526011563
627,Філологія,Харківський національний університет імені В.Н. Каразіна,172.69777282468922,105.26832404629232,46.96628089727104,70655703.38691242,189.85456205583188,764.8648378339763,199.68029161308758,131.2074299185598,196.52546206600942,174.63614102014574
3118,Фізикатаастрономія,Харківський національний університет імені В.Н. Каразіна,171.23628385416666,85.3515625,19.6171875,65.734375,173.25343878933563,68.26041666666667,200.0,119.5695,196.93348697916667,146.66214322916667
3258,Туризм,Харківський національний університет імені В.Н. Каразіна,160.4835914941242,50.0,21.909904868494685,28.090095131505315,184.44010607569976,716.4325685506435,197.87291550083938,118.30989031897035,192.62716731952995,163.4088069390039
4232,Соціологія,Харківський національний університет імені В.Н. Каразіна,163.1942410454986,100.56631171345596,38.55663117134559,62.00968054211036,183.5161433292023,210.30493707647628,198.2868935140368,116.28651887705712,194.53922555663115,162.78089448209099
4605,Соціальнаробота,Харківський національний університет імені В.Н. Каразіна,150.7195274390244,44.51219512195122,14.121951219512194,30.390243902439025,170.30926145602365,113.36585365853658,191.70026829268292,113.57873170731708,178.99960975609758,148.4490243902439
4685,"Підприємництво,торгівлятабіржовадіяльність",Харківський національний університет імені В.Н. Каразіна,159.2878078250863,37.80207134637514,7.216340621403913,30.58573072497123,181.50106583922408,153.75719217491368,195.2089919447641,114.81029459148446,188.84482163406213,177.15173762945918
5005,Психологія,Харківський національний університет імені В.Н. Каразіна,159.47588385093175,106.94409937888199,47.0,59.94409937888199,179.24953080783263,563.5739130434782,197.93451242236026,117.87844658385093,193.89313416149068,146.2707397515528
5706,Прикладнафізикатананоматеріали,Харківський національний університет імені В.Н. Каразіна,163.88288483685216,56.463531669865645,30.4510556621881,26.01247600767754,165.19729827929802,124.07485604606526,198.54919577735123,117.95992802303263,193.88143282149713,141.79435700575817
6063,Прикладнаматематика,Харківський національний університет імені В.Н. Каразіна,177.27534662576687,130.0,20.920245398773005,109.079754601227,180.5023280214249,164.03680981595093,200.0,127.2356564417178,194.8090797546012,169.7579754601227
6239,Право,Харківський національний університет імені В.Н. Каразіна,161.27790217391288,200.0,26.0,174.0,183.2291839680939,1231.5722826086956,200.0,120.4511339673913,194.26820951086958,143.14003532608695
7370,Облікіоподаткування,Харківський національний університет імені В.Н. Каразіна,165.66717400419293,34.77987421383648,19.639412997903563,15.140461215932914,179.4085352992019,159.15513626834382,194.62379874213835,121.7042431865828,190.22293081761006,169.4081257861635
7532,НаукипроЗемлю,Харківський національний університет імені В.Н. Каразіна,162.74051351351352,47.027027027027025,11.708108108108108,35.31891891891892,179.70021125631132,54.351351351351354,193.7430162162162,122.31341081081081,193.7430162162162,162.86701081081083
7611,Мікро,Харківський національний університет імені В.Н. Каразіна,158.62593396226416,25.0,16.30188679245283,8.69811320754717,155.5291763865066,71.58490566037736,194.91990566037737,119.31724528301888,180.92303773584905,138.9431320754717
7677,Міжнародніекономічнівідносини,Харківський національний університет імені В.Н. Каразіна,167.25042824207495,54.0,6.7844380403458215,47.21556195965418,192.56937897076986,309.1982708933718,198.86037002881847,126.6387181556196,195.01326109510086,191.17994178674354
8380,"Міжнароднівідносини,суспільнікомунікаціїтарегіональністудії",Харківський національний університет імені В.Н. Каразіна,169.75077730605952,49.801235044384406,7.564260903126206,42.2369741412582,194.27826359238023,543.6746429949826,200.0,122.02140910845235,198.9062003087611,185.70563218834428
9602,Міжнароднеправо,Харківський національний університет імені В.Н. Каразіна,169.72183042973288,55.01742160278746,12.99883855981417,42.01858304297329,196.0442067363531,430.5005807200929,199.7812462253194,128.77047851335655,197.34451219512195,194.74390127758423
10032,Менеджмент,Харківський національний університет імені В.Н. Каразіна,159.51723659305995,50.60725552050473,8.207413249211356,42.39984227129337,183.75556309148266,215.98107255520506,196.8556332807571,114.9176025236593,189.0402160883281,180.13714353312304
10592,Математика,Харківський національний університет імені В.Н. Каразіна,179.77666279069766,73.64341085271317,29.57751937984496,44.065891472868216,185.53908484143764,88.42635658914729,200.0,137.11710465116278,200.0,153.39119379844962
10675,Маркетинг,Харківський національний університет імені В.Н. Каразіна,161.21976358930118,35.522001725625536,6.775668679896462,28.746333045729077,185.71297183532602,189.37273511647973,194.80175409836068,118.50745297670406,191.67687316652288,179.04866954270923
10943,Кібербезпека,Харківський національний університет імені В.Н. Каразіна,165.6521041131105,60.0,55.0,5.0,177.75595388311493,535.5822622107969,200.0,119.76029562982005,194.32762210796918,168.66070437017993
11592,Комп’ютернаінженерія,Харківський національний університет імені В.Н. Каразіна,163.87001323251414,50.0,13.889413988657845,36.11058601134216,180.3605642906243,363.2192816635161,199.2124234404537,116.12157844990548,190.554309073724,167.5068998109641
12030,Комп'ютернінауки,Харківський національний університет імені В.Н. Каразіна,168.3572254871636,89.01206309928858,60.82493040519641,28.187132694092174,180.84236656401666,696.7469842251778,200.0,117.98333158057531,196.71992174450975,156.4942437364677
13229,Економіка,Харківський національний університет імені В.Н. Каразіна,167.75826941917427,46.28411476557033,16.902729181245626,29.381385584324704,188.57923361684675,207.98670398880336,198.76982505248426,121.47489293212037,195.27011056682997,184.01036599020296
13886,Екологія,Харківський національний університет імені В.Н. Каразіна,155.68090520446097,42.566914498141266,23.07806691449814,19.48884758364312,171.4366093158839,143.8996282527881,197.98201672862453,114.7081933085502,194.34507063197026,151.55835687732343
14027,Готельно,Харківський національний університет імені В.Н. Каразіна,157.71602047344862,50.0,13.490083173384518,36.50991682661548,183.5378840690979,594.7248880358285,198.14342546385157,118.43741074856047,190.4646429942418,163.15647728726807
14824,Географія,Харківський національний університет імені В.Н. Каразіна,162.2499947145877,30.211416490486258,10.965116279069768,19.24630021141649,180.31215326856602,322.8414376321353,199.4459175475687,114.52136152219873,196.40436786469346,150.07375475687104
15040,Біотехнологіїтабіоінженерія,Харківський національний університет імені В.Н. Каразіна,171.98022894736843,25.0,14.006140350877192,10.993859649122808,192.98572429824563,380.02280701754387,200.0,117.35826315789473,200.0,171.03815
15417,Біологія,Харківський національний університет імені В.Н. Каразіна,171.02971590909087,130.0,57.75961538461539,72.24038461538461,184.5368824498746,396.08216783216784,200.0,113.64298951048951,200.0,164.17934003496504
15867,Автоматизаціятакомп’ютерно,Харківський національний університет імені В.Н. Каразіна,162.2278058690745,30.0,28.216704288939052,615100979.3115125,165.10567162766569,148.2821670428894,194.5824559819413,116.68155756207675,189.00130474040634,142.66453273137697
16017,Історіятаархеологія,Харківський національний університет імені В.Н. Каразіна,165.68683392434986,120.0,71.82387706855792,48.17612293144208,187.1227700477073,571.2387706855792,200.0,117.61765721040189,199.279158392435,149.06023877068557
16529,"Фінанси,банківськасправатастрахування",Сумський державний університет,162.95796733668342,59.39572864321608,21.37437185929648,494469241.69095474,179.04411833436663,121.67587939698493,196.99681281407032,120.87798994974875,187.21916582914574,164.416709798995
16934,Філологія,Сумський державний університет,168.6644674796748,114.22764227642277,51.8140243902439,703582132.7012196,190.814807436466,331.0508130081301,200.0,117.97659349593496,198.74680081300815,171.5265630081301
17291,"Фізичнатерапія,ерготерапія",Сумський державний університет,153.6724960629921,54.44881889763779,7.322834645669292,206611948.54593176,173.96566284896207,173.9501312335958,196.00300262467192,115.28148556430446,185.8131076115486,146.91106036745407
17518,Технологіїзахистунавколишньогосередовища,Сумський державний університет,150.41472602739725,35.821917808219176,19.123287671232877,580647036.8219178,157.2002140410959,51.0958904109589,195.25601369863014,112.46027397260275,194.06450684931505,132.86673972602742
17582,Теплоенергетика,Сумський державний університет,155.308213592233,43.20388349514563,18.058252427184467,627088054.5825243,156.18389505316688,34.45631067961165,194.53522330097087,119.10310679611649,179.8241844660194,134.01179611650485
17619,Телекомунікаціїтарадіотехніка,Сумський державний університет,157.7370606060606,26.616161616161616,18.0,652424933.060606,155.93050453250453,66.12121212121212,199.67870707070705,114.38838383838385,178.1530303030303,139.4159797979798
17689,Соціальнаробота,Сумський державний університет,153.10774592833883,21.925081433224754,13.553745928338762,493104153.3713355,170.923924864278,108.85667752442997,191.05818241042346,115.43301954397394,184.35386970684038,151.18805211726385
17826,"Підприємництво,торгівлятабіржовадіяльність",Сумський державний університет,159.3696168224299,31.510903426791277,10.414330218068535,345838577.3894081,178.00835064036,108.65732087227414,194.12567912772585,116.83595015576326,185.72809657320872,151.395738317757
17987,Публічнеуправліннятаадміністрування,Сумський державний університет,152.33187730061354,25.0,10.0,15.0,170.085,163.0,193.137,109.548,187.578,152.592
18150,Психологія,Сумський державний університет,154.73043500000006,27.95,13.205,460877060.9483333,176.45940732905981,249.16333333333333,199.41268666666667,114.66445333333331,188.45132,144.54145499999998
18490,Прикладнамеханіка,Сумський державний університет,158.1389157894737,49.194736842105264,19.621052631578948,690518835.0947368,158.41829751508897,46.44210526315789,192.86650526315788,110.8342052631579,189.4089,129.36288947368422
18566,Прикладнаматематика,Сумський державний університет,174.05458823529415,60.0,39.1437908496732,936661521.124183,178.10328888888887,76.89542483660131,198.9216732026144,126.47911111111111,187.8472156862745,169.57383006535946
18648,Право,Сумський державний університет,163.25694342762054,143.34442595673877,35.0,718712300.3860233,183.11354536330745,405.59400998336105,200.0,120.67191347753743,194.40298835274544,142.76020133111479
19084,Облікіоподаткування,Сумський державний університет,159.852579787234,56.25,15.75,35.75,177.9237375,117.5,198.269,119.98400000000001,186.81050000000002,172.7675
19225,Мікро,Сумський державний університет,157.90746153846155,44.75524475524475,24.3006993006993,691633161.4685315,159.98594029047877,47.81118881118881,198.58227972027973,119.14788811188812,184.64588111888114,137.7147972027972
19269,Міжнародніекономічнівідносини,Сумський державний університет,166.95772097378278,44.70973782771536,7.007490636704119,449810248.20973784,191.90649719101123,138.5056179775281,199.15653558052435,118.45536329588016,195.60665168539327,186.03871161048687
19576,Менеджментсоціокультурноїдіяльності,Сумський державний університет,153.2864012738853,30.0,10.0,20.0,166.42999999999998,157.0,196.452,109.956,187.782,129.438
19733,Менеджмент,Сумський державний університет,158.36736864406785,26.89830508474576,15.033898305084746,444740928.1864407,177.9822949959645,181.6271186440678,196.97016101694913,116.44777966101695,185.97192372881355,153.61599999999999
19977,Матеріалознавство,Сумський державний університет,154.33535483870966,35.18279569892473,11.344086021505376,759627834.655914,156.4722241935484,31.451612903225808,190.60507526881722,122.17243010752688,180.71797849462365,138.35304301075269
20009,Маркетинг,Сумський державний університет,157.65915849056609,55.60754716981132,11.709433962264152,586490026.6415094,182.8783909433962,155.74716981132076,196.5136,115.09847547169812,184.73276981132076,180.61907924528302
20197,Кібербезпека,Сумський державний університет,164.00428647686834,28.451957295373667,13.61032028469751,606968498.7580072,180.25790348530472,190.03202846975088,200.0,112.73048042704626,196.1094537366548,159.79596085409253
20416,Комп'ютернінауки,Сумський державний університет,166.31413669590646,78.42105263157895,50.89400584795322,596094977.9320176,181.86717195763225,202.96198830409358,198.9993830409357,115.63645614035087,195.33059356725144,171.14319298245616
20989,Енергетичнемашинобудування,Сумський державний університет,151.189,38.39506172839506,12.246913580246913,847246280.962963,161.63852880658436,28.40740740740741,193.70174074074075,113.09298765432098,181.69198765432097,139.46275308641975
21008,Електроніка,Сумський державний університет,159.1602152974504,50.920679886685555,23.0,577520697.5552408,160.87974321529745,118.86968838526913,197.82209631728045,111.46526912181302,195.13312464589237,138.38568838526913
21132,"Електроенергетика,електротехнікатаелектромеханіка",Сумський державний університет,155.20349456521743,35.32608695652174,24.391304347826086,745945074.173913,155.269331027668,61.73913043478261,199.55430434782608,111.59280434782609,192.25978260869562,123.36976086956521
21192,Економіка,Сумський державний університет,164.06725840707966,19.893805309734514,7.074336283185841,321521344.69557524,186.3631674841972,103.14513274336284,196.92400353982302,118.8771982300885,193.38121061946904,171.37454867256636
21523,Галузевемашинобудування,Сумський державний університет,153.26645283018868,27.32704402515723,13.559748427672956,647424045.918239,150.5709331236897,36.937106918238996,192.32422641509433,117.5662641509434,179.1984716981132,132.0435283018868
21589,Автоматизаціятакомп’ютерно,Сумський державний університет,162.77932731958768,43.47422680412371,29.02577319587629,593046695.2319587,171.43587794230694,130.8659793814433,198.96781443298968,114.2348969072165,190.8474432989691,158.57823711340205
21715,Хімічнітехнологіїтаінженерія,"Національний університет ""Львівська політехніка""",168.0333122807018,351.30350877192984,117.0,234.3035087719298,169.02543795718108,285.8982456140351,200.0,112.21502631578947,195.93333157894736,150.42155789473685
22016,Харчовітехнології,"Національний університет ""Львівська політехніка""",161.06772702702705,44.35405405405405,28.516216216216215,15.837837837837839,170.59002005577008,185.1945945945946,193.5647081081081,112.76207837837839,191.2930621621622,157.41682702702704
22195,"Фінанси,банківськасправатастрахування","Національний університет ""Львівська політехніка""",165.76216292974576,181.67040358744396,63.0,118.67040358744394,182.21651774671002,677.185351270553,197.33678624813155,112.58919730941703,195.73668236173393,165.90613153961138
22938,Філологія,"Національний університет ""Львівська політехніка""",171.4454253687315,264.72566371681415,74.94513274336283,189.78053097345133,190.691179207815,1036.762831858407,200.0,117.57184955752213,199.55537345132743,140.22026017699116
23385,"Фармація,промисловафармація","Національний університет ""Львівська політехніка""",167.16728620102225,94.75298126064736,22.0,72.75298126064736,184.68243483816013,294.21635434412264,200.0,121.58717206132879,194.2921873935264,179.1169727427598
23664,Туризм,"Національний університет ""Львівська політехніка""",159.93122413793137,108.54838709677419,21.822580645161292,86.7258064516129,183.02418695014663,1082.3548387096773,199.8763387096774,116.30124193548387,190.370564516129,149.19188709677417
24969,Транспортнітехнології,"Національний університет ""Львівська політехніка""",147.16124444444438,145.60493827160494,57.63703703703704,87.9679012345679,154.18188462357782,205.4641975308642,184.12124938271606,109.41826666666667,180.19543209876542,130.55113827160494
25196,Технологіїзахистунавколишньогосередовища,"Національний університет ""Львівська політехніка""",147.14606451612906,20.0,13.0,7.0,156.589,31.0,183.466,121.924,161.398,151.045
25227,Теплоенергетика,"Національний університет ""Львівська політехніка""",149.33546666666658,130.0,25.0,105.0,153.98357142857145,75.0,178.366,119.685,169.829,139.784
25302,Телекомунікаціїтарадіотехніка,"Національний університет ""Львівська політехніка""",153.33523999999986,404.95428571428573,145.0,259.95428571428573,156.75161704956838,265.1752380952381,191.6125904761905,117.33076190476191,184.0839657142857,140.57618095238095
25591,Соціологія,"Національний університет ""Львівська політехніка""",162.930142857143,70.0,20.0,50.0,180.891,287.0,200.0,124.129,180.891,180.891
25878,Соціальнезабезпечення,"Національний університет ""Львівська політехніка""",155.67924786324778,50.0,11.692307692307692,38.30769230769231,180.8973247863248,259.61538461538464,193.41053846153847,107.41461538461539,190.2984615384615,175.4743076923077
25932,Соціальнаробота,"Національний університет ""Львівська політехніка""",158.04759796437654,60.0,12.946564885496183,47.05343511450382,174.5886579728583,197.06106870229007,193.32741984732826,120.02512213740458,185.66116030534351,136.98618320610686
26139,Системнийаналіз,"Національний університет ""Львівська політехніка""",166.26049920127787,76.27795527156549,31.62779552715655,44.650159744408946,183.82696605431315,627.6357827476038,198.99723322683707,115.37131629392972,198.86321565495206,177.77486261980832
26733,"Підприємництво,торгівлятабіржовадіяльність","Національний університет ""Львівська політехніка""",160.5750858995138,20.46191247974068,15.0,6.369529983792544,180.0017560286823,311.1329011345219,196.04775202593197,115.77188654781199,190.85168881685576,176.56694975688816
27070,Публічнеуправліннятаадміністрування,"Національний університет ""Львівська політехніка""",161.71945384615378,68.45192307692308,10.478846153846154,57.973076923076924,183.3209754395604,260.4653846153846,197.5420826923077,124.37539038461537,190.04927115384615,171.41517307692308
27341,Психологія,"Національний університет ""Львівська політехніка""",158.89494479953515,153.98024404416037,27.203951191167924,126.77629285299244,184.79805770085264,996.8233585124927,197.2450145264381,116.7703108657757,194.97836432306798,158.4963434049971
28544,Прикладнафізикатананоматеріали,"Національний університет ""Львівська політехніка""",166.12274820143887,46.115107913669064,15.0,31.115107913669064,164.08035873119687,72.9568345323741,196.83787769784172,126.01329496402876,189.7873381294964,148.9535107913669
28629,Прикладнамеханіка,"Національний університет ""Львівська політехніка""",154.518794117647,148.01960784313727,71.52287581699346,76.49673202614379,153.7902959150327,153.00653594771242,190.98383006535948,113.29517647058823,188.01015032679737,126.06708496732026
28783,Прикладнаматематика,"Національний університет ""Львівська політехніка""",175.5122346193952,105.65172054223149,62.6089676746611,43.042752867570385,182.84731522217166,487.64650677789365,200.0,128.12042022940562,198.21914285714286,175.8436392075078
29325,Право,"Національний університет ""Львівська політехніка""",167.56663994374136,310.0492264416315,54.0196905766526,256.0295358649789,184.05817960739702,1422.034458509142,200.0,123.71360302391,194.73550316455695,130.7136575246132
30740,Облікіоподаткування,"Національний університет ""Львівська політехніка""",165.39312640800995,125.07509386733416,42.61201501877347,82.4630788485607,180.7595515957447,414.53441802252814,200.0,114.67360325406759,195.75872215269086,165.52192115143933
31217,НаукипроЗемлю,"Національний університет ""Львівська політехніка""",150.2209259259259,46.74074074074074,12.696296296296296,34.044444444444444,155.58723425925925,73.72592592592592,185.56883703703704,118.66094074074073,168.43417777777776,141.54864444444445
31305,Мікро,"Національний університет ""Львівська політехніка""",157.2762727272727,95.33596837944664,30.0,65.33596837944664,152.17887108543633,127.07114624505928,197.18687747035574,118.28362055335968,174.15344664031622,136.97657312252966
31440,Міжнародніекономічнівідносини,"Національний університет ""Львівська політехніка""",168.96872683858635,134.8901623686724,23.0,111.89016236867239,188.44878841133396,523.7526265520535,200.0,127.47969149952245,197.3577029608405,138.61391786055395
31975,"Міжнароднівідносини,суспільнікомунікаціїтарегіональністудії","Національний університет ""Львівська політехніка""",168.4809557993729,157.23667711598745,17.834796238244515,139.40188087774294,190.9576589319771,1112.8307210031348,200.0,125.34186457680251,199.4964880877743,162.62000626959247
33714,"Музеєзнавство,пам’яткознавство","Національний університет ""Львівська політехніка""",158.28430564784063,25.0,10.0,15.0,174.5844776459421,150.87375415282392,194.12413289036544,120.86642524916944,186.09633554817273,147.7867607973422
33872,Метрологіятаінформаційно,"Національний університет ""Львівська політехніка""",155.7713644859813,189.29906542056074,39.14018691588785,150.15887850467288,159.82153851650867,109.10280373831776,191.64493457943928,118.60709345794393,187.10542990654207,137.8978785046729
33964,Металургія,"Національний університет ""Львівська політехніка""",141.31905882352942,30.0,10.0,20.0,134.78539999999998,17.0,172.053,121.654,156.201,121.654
33981,Менеджмент,"Національний університет ""Львівська політехніка""",162.8545906357391,329.37328178694156,116.0,213.3732817869416,182.204357741907,1164.0214776632301,199.4350837628866,110.62959235395189,197.19228823024054,132.27089390034365
35140,Маркетинг,"Національний університет ""Львівська політехніка""",162.67227295703458,94.70092670598146,17.58972198820556,77.1112047177759,187.22389707947204,595.6234203875316,198.2207160909857,110.30766470092671,194.97258803706825,171.68068660488626
35698,Кібербезпека,"Національний університет ""Львівська політехніка""",166.42029119210326,224.76841305998482,89.19893697798025,135.56947608200454,183.19307507635196,1319.8253606681853,200.0,114.00518754745633,199.27863933181473,159.17617691723615
37076,Комп’ютернаінженерія,"Національний університет ""Львівська політехніка""",166.36489336402005,250.0,182.54622171077867,67.45377828922133,179.5021675242717,1305.0882240122746,200.0,112.40930418105101,193.26754238588416,158.7663628691983
38425,Комп'ютернінауки,"Національний університет ""Львівська політехніка""",171.95799756352233,356.52627915071355,203.3357117995127,143.2749738948834,189.10314716929588,1792.7702749738949,200.0,113.79259780717021,199.88689940828402,148.19927305951964
41184,Електроніка,"Національний університет ""Львівська політехніка""",155.3856256410257,55.17948717948718,15.0,40.17948717948718,163.6847372893773,97.62564102564103,189.79564102564103,114.69142564102563,175.94274358974357,150.18827692307693
41285,"Електроенергетика,електротехнікатаелектромеханіка","Національний університет ""Львівська політехніка""",150.47710668563306,395.92603129445234,110.0,285.92603129445234,152.18110685785152,351.62019914651495,192.64209957325747,110.84418349928876,189.38594736842106,130.3465988620199
41643,Економіка,"Національний університет ""Львівська політехніка""",165.18338079191236,117.04717775905644,26.771693344566135,90.27548441449031,184.57101704361355,612.9713563605728,200.0,115.07569839932603,194.61843302443134,163.81961920808763
42344,Екологія,"Національний університет ""Львівська політехніка""",150.9460609318996,43.90681003584229,33.562724014336915,10.344086021505376,164.10139307048982,146.168458781362,196.91440143369175,110.34062365591397,174.8494623655914,158.69329749103943
42453,Геодезіятаземлеустрій,"Національний університет ""Львівська політехніка""",151.10134788732393,224.18028169014084,79.81971830985916,144.3605633802817,166.68221855315204,355.7211267605634,194.8056943661972,108.45532816901408,180.63212816901407,138.52088732394367
42792,Галузевемашинобудування,"Національний університет ""Львівська політехніка""",147.64697407407405,129.85185185185185,47.53703703703704,82.31481481481481,149.79058316872428,135.02962962962962,192.01337407407405,109.24827777777779,188.85881111111112,126.04071111111111
42929,Видавництвотаполіграфія,"Національний університет ""Львівська політехніка""",161.23303621169916,44.5125348189415,30.74373259052925,13.768802228412257,174.48440848717703,181.20612813370474,191.66311977715876,117.53978272980501,191.66311977715876,160.72978830083565
43091,Біотехнологіїтабіоінженерія,"Національний університет ""Львівська політехніка""",170.67343115438098,41.06258692628651,21.57440890125174,19.48817802503477,190.61355802812548,367.461752433936,200.0,111.49110709318498,195.7709012517385,170.61833936022254
43397,Біомедичнаінженерія,"Національний університет ""Львівська політехніка""",168.33414624505932,52.88537549407115,16.57707509881423,36.308300395256914,182.39041358246496,149.12648221343875,199.06167588932806,126.90569960474308,196.14225296442686,161.1142766798419
43470,Будівництвотацивільнаінженерія,"Національний університет ""Львівська політехніка""",152.21135347043707,336.6478149100257,186.0,150.64781491002572,154.52933006026512,389.8329048843188,193.99681362467868,108.57125578406169,189.49365681233934,131.03497172236504
43841,Атомнаенергетика,"Національний університет ""Львівська політехніка""",152.68066206896552,22.00689655172414,17.144827586206898,4.862068965517241,149.0562304597701,74.02068965517242,186.78802068965516,117.1214827586207,177.9769448275862,129.20250344827585
43924,Авіоніка,"Національний університет ""Львівська політехніка""",156.66223404255322,44.46808510638298,10.0,34.46808510638298,168.80149361702126,47.53191489361702,192.16448936170212,119.38672340425532,180.86495744680852,158.89238297872342
43966,Автомобільнийтранспорт,"Національний університет ""Львівська політехніка""",145.24959203980094,155.38805970149255,41.25373134328358,114.13432835820896,156.61460433728791,202.43781094527364,188.42029353233835,109.91987562189055,188.42029353233835,127.89674129353233
44150,Автоматизаціятакомп’ютерно,"Національний університет ""Львівська політехніка""",153.67690016103057,57.552334943639295,41.06280193236715,16.48953301127214,163.29906651912705,310.6360708534622,196.79294363929148,112.66349114331724,185.45833655394526,155.39634138486312
44454,Інформаційнісистемитатехнології,"Національний університет ""Львівська політехніка""",165.58835149863762,79.11103542234332,14.580381471389646,64.53065395095368,181.37981204532673,762.6444141689374,200.0,112.57464237057222,192.01827997275205,172.10476430517713
45043,"Інформаційна,бібліотечнатаархівнасправа","Національний університет ""Львівська політехніка""",157.25526072607258,80.0,15.551155115511552,64.44884488448845,174.23322046204618,153.0858085808581,190.10017161716172,114.9238712871287,185.7432904290429,164.09830693069307
45179,Інженеріяпрограмногозабезпечення,"Національний університет ""Львівська політехніка""",172.81065726013338,163.51564905079528,123.71831708568497,39.79733196511031,191.37839960871972,1950.9091841970242,200.0,116.47030836326321,200.0,140.55163468445357
47189,Хімічнітехнологіїтаінженерія,Національний технічний університет України «Київський політехнічний інститут імені Ігоря Сікорського»,164.05121941122354,171.3040478380865,149.93928242870285,7.330726770929163,167.31732980362148,445.85924563017477,198.88213477460903,112.83504323827046,197.27650781968723,144.90202207911682
47975,Філологія,Національний технічний університет України «Київський політехнічний інститут імені Ігоря Сікорського»,167.24202759234552,92.9394748553627,18.745438362260792,51.10547396528705,189.53885884015125,993.2723631508678,200.0,118.4322429906542,197.89967734757454,167.99532710280374
49731,"Фізичнатерапія,ерготерапія",Національний технічний університет України «Київський політехнічний інститут імені Ігоря Сікорського»,155.56982599580715,53.920335429769395,12.51153039832285,20.947589098532493,170.59247053554412,186.1488469601677,193.14633333333333,120.09297693920335,183.75649895178196,159.68511530398322
49880,Фізикатаастрономія,Національний технічний університет України «Київський політехнічний інститут імені Ігоря Сікорського»,166.37990886075943,60.0,22.939240506329114,25.865822784810128,166.44149017772665,132.90379746835444,196.84262025316454,116.7979746835443,192.02572911392406,141.3064151898734
50026,Теплоенергетика,Національний технічний університет України «Київський політехнічний інститут імені Ігоря Сікорського»,152.908707250342,113.72777017783858,68.42407660738714,30.35704514363885,152.99633699788583,165.1641586867305,190.0395759233926,115.0138850889193,181.665731874145,133.50561149110806
50320,Телекомунікаціїтарадіотехніка,Національний технічний університет України «Київський політехнічний інститут імені Ігоря Сікорського»,156.8591775239271,194.17412781722754,134.3606051250386,43.34362457548626,159.21542906352775,427.7792528558197,197.2765378203149,113.24327199753012,191.410143562828,133.2792581043532
51617,Соціологія,Національний технічний університет України «Київський політехнічний інститут імені Ігоря Сікорського»,163.37242963885427,166.73723536737236,19.322540473225406,96.453300124533,182.5835237510777,284.9651307596513,198.22297633872975,118.5250884184309,189.199601494396,175.12510460772106
51972,Соціальнаробота,Національний технічний університет України «Київський політехнічний інститут імені Ігоря Сікорського»,155.98417241379315,21.877394636015325,10.624521072796934,11.25287356321839,177.0170558900444,138.59386973180077,191.79540229885058,116.5919540229885,186.4729885057471,152.03352490421457
52070,Системнийаналіз,Національний технічний університет України «Київський політехнічний інститут імені Ігоря Сікорського»,170.97775116640742,200.0,120.0,55.19284603421462,188.7202676618163,858.3670295489891,200.0,114.02391135303266,200.0,177.5920139968896
52960,Публічнеуправліннятаадміністрування,Національний технічний університет України «Київський політехнічний інститут імені Ігоря Сікорського»,159.91942747358314,81.74831892411143,10.957732949087417,43.03266090297791,184.5673191361952,348.6272814601345,197.73655139289144,120.54048991354466,192.8893371757925,158.37675312199806
53340,Прикладнафізикатананоматеріали,Національний технічний університет України «Київський політехнічний інститут імені Ігоря Сікорського»,169.8960823529411,60.0,51.79831932773109,7.243697478991597,176.59462205666517,199.42352941176472,200.0,116.56638655462184,200.0,156.25587731092438
53559,Прикладнамеханіка,Національний технічний університет України «Київський політехнічний інститут імені Ігоря Сікорського»,154.3585301662708,237.49501187648457,141.87553444180523,58.138242280285034,158.21657540145026,387.26793349168645,194.56530166270784,112.23729121140143,191.29961805225653,128.82025320665082
54210,Прикладнаматематика,Національний технічний університет України «Київський політехнічний інститут імені Ігоря Сікорського»,177.9079505247377,99.53373313343329,75.80659670164917,15.931034482758621,184.0389726270431,602.728335832084,200.0,126.69755622188907,197.90071964017991,176.59850074962517
55433,Право,Національний технічний університет України «Київський політехнічний інститут імені Ігоря Сікорського»,161.4683301357043,135.27725783809078,24.708235844642022,70.463734206832,186.66957565063808,1430.3111839026674,200.0,119.16268132896583,193.24345460926534,155.66421385119327
56759,Мікро,Національний технічний університет України «Київський політехнічний інститут імені Ігоря Сікорського»,159.61447599164924,150.0,100.0,33.86638830897704,160.3228924602428,319.6972860125261,197.89893319415447,117.8059279749478,197.18406993736951,135.66975782881002
57064,Метрологіятаінформаційно,Національний технічний університет України «Київський політехнічний інститут імені Ігоря Сікорського»,152.03897557471262,141.98275862068965,39.94252873563219,75.55316091954023,151.4470073716417,165.30747126436782,191.0116522988506,118.11169396551725,177.73296120689653,129.93942097701148
57257,Металургія,Національний технічний університет України «Київський політехнічний інститут імені Ігоря Сікорського»,141.79480232558137,82.55813953488372,32.02325581395349,20.88372093023256,139.82687833537332,58.51162790697674,184.805,110.26325581395348,164.3939534883721,119.01939534883721
57313,Менеджмент,Національний технічний університет України «Київський політехнічний інститут імені Ігоря Сікорського»,163.97973135755257,215.41347992351817,73.48781070745697,90.28752390057362,183.67490689744136,1225.970363288719,200.0,118.38381931166349,195.57388479923517,144.22519120458892
59041,Матеріалознавство,Національний технічний університет України «Київський політехнічний інститут імені Ігоря Сікорського»,150.2847377892031,121.54498714652956,57.745501285347046,24.591259640102827,153.11164459554075,134.67609254498714,193.17444215938306,115.79322879177377,186.421470437018,134.1202904884319
59163,Математика,Національний технічний університет України «Київський політехнічний інститут імені Ігоря Сікорського»,166.53903008595992,60.0,48.60171919770774,11.977077363896848,169.5223920157019,234.7593123209169,193.98638681948424,123.50124355300859,191.5118137535817,151.3704799426934
59416,Маркетинг,Національний технічний університет України «Київський політехнічний інститут імені Ігоря Сікорського»,164.05174843610368,80.0,17.606791778373548,41.93565683646113,186.23064908025202,755.0116175156389,200.0,117.6030384271671,190.66586237712244,171.22730116175157
60244,Кібербезпека,Національний технічний університет України «Київський політехнічний інститут імені Ігоря Сікорського»,167.65697973637617,180.0,91.92543773362188,62.24729490458391,186.74586782691776,1707.9211095809562,200.0,116.30215423962227,198.48533346448946,147.94493409403896
62145,Комп’ютернаінженерія,Національний технічний університет України «Київський політехнічний інститут імені Ігоря Сікорського»,171.46332352563275,158.34511113966337,118.70846717204162,30.17268405499165,184.74782889784453,1410.5634074264422,199.62011435179238,118.83117049980727,195.64453347038418,154.16007966079917
65100,Комп'ютернінауки,Національний технічний університет України «Київський політехнічний інститут імені Ігоря Сікорського»,171.47867817214805,168.79626614566374,99.99251058287203,47.29946814284164,184.8817079081412,1810.9921849560403,199.82714642353196,116.44292304352544,197.9845598610659,150.9684901769239
67693,Енергетичнемашинобудування,Національний технічний університет України «Київський політехнічний інститут імені Ігоря Сікорського»,151.75878703703705,33.75,15.583333333333334,14.833333333333334,151.8300130952381,55.5,180.90416666666667,122.0625,173.60008333333334,137.57083333333335
67756,Електроніка,Національний технічний університет України «Київський політехнічний інститут імені Ігоря Сікорського»,158.3491446111869,223.3492496589359,130.0,93.34924965893588,163.74316430417377,366.6971350613915,198.39130968622098,113.44981309686221,198.39130968622098,139.56527967257844
68131,"Електроенергетика,електротехнікатаелектромеханіка",Національний технічний університет України «Київський політехнічний інститут імені Ігоря Сікорського»,155.85206455445538,206.76712871287128,138.81861386138613,43.69346534653465,158.6348753027548,451.030099009901,196.02106336633662,111.71415207920792,192.29106891089108,129.05637267326733
68973,Економіка,Національний технічний університет України «Київський політехнічний інститут імені Ігоря Сікорського»,168.1739086839749,330.0,61.60608773500448,179.21217547000896,186.31381204615536,1147.9907490301403,200.0,118.0785735601313,196.96384661295136,153.23318412414204
70310,Екологія,Національний технічний університет України «Київський політехнічний інститут імені Ігоря Сікорського»,149.5838744394619,44.27503736920777,22.32137518684604,14.617339312406576,162.69970301355968,136.9133034379671,186.03763826606877,114.52813751868459,176.83029596412555,142.11521973094173
70439,Галузевемашинобудування,Національний технічний університет України «Київський політехнічний інститут імені Ігоря Сікорського»,152.25710205696205,95.68433544303798,54.37262658227848,27.621835443037973,153.70997220531112,196.1155063291139,190.26542088607596,116.72245727848103,182.17995965189874,130.75087737341772
71064,Видавництвотаполіграфія,Національний технічний університет України «Київський політехнічний інститут імені Ігоря Сікорського»,157.64446264367814,176.80316091954023,53.16379310344828,83.4985632183908,172.01341692789967,232.8994252873563,192.722816091954,112.46573275862067,189.8488002873563,151.08402586206898
71315,Біотехнологіїтабіоінженерія,Національний технічний університет України «Київський політехнічний інститут імені Ігоря Сікорського»,163.05574564459926,95.0,95.0,1014747276.0029866,182.62710971194144,1004.5301144848183,200.0,114.89835739173718,200.0,149.88809955201592
72314,Біомедичнаінженерія,Національний технічний університет України «Київський політехнічний інститут імені Ігоря Сікорського»,165.19423002958575,120.0,34.0,48.22485207100592,184.75887075488612,478.50887573964496,199.61819526627218,118.71346153846154,197.13583136094672,157.3606301775148
72670,Атомнаенергетика,Національний технічний університет України «Київський політехнічний інститут імені Ігоря Сікорського»,157.09885067873302,56.92307692307692,48.0,5.280542986425339,154.59284801021,148.05882352941177,192.88508371040726,114.8487556561086,188.35618325791856,126.70842307692305
72815,Авіоніка,Національний технічний університет України «Київський політехнічний інститут імені Ігоря Сікорського»,160.39271462829737,59.568345323741006,27.913669064748202,19.995203836930454,166.97243872679633,139.99760191846522,193.99009112709834,119.89105995203838,189.78731175059954,148.3221175059952
72966,Авіаційнатаракетно,Національний технічний університет України «Київський політехнічний інститут імені Ігоря Сікорського»,161.03534924965894,45.391541609822646,42.44338335607094,2.5743519781718964,172.16288896335277,246.3806275579809,198.0739113233288,119.40388813096862,195.70313369713506,148.757312414734
73205,Автоматизаціятакомп’ютерно,Національний технічний університет України «Київський політехнічний інститут імені Ігоря Сікорського»,160.1590265463917,150.0603092783505,79.5569587628866,47.36546391752577,167.81631100624972,566.0041237113402,194.0899304123711,115.0044175257732,188.92247577319588,145.38334587628864
74542,Інформаційнісистемитатехнології,Національний технічний університет України «Київський політехнічний інститут імені Ігоря Сікорського»,172.2734199679413,300.0,206.2789100068697,66.51339592397527,184.65055943086338,1456.5653766888024,200.0,115.53377604762996,195.97613922601326,134.82956262880694
75959,Інженеріяпрограмногозабезпечення,Національний технічний університет України «Київський політехнічний інститут імені Ігоря Сікорського»,172.42886752536035,169.95855579284571,104.46402829684997,42.19794447410571,191.56535242147157,2050.183128670582,200.0,116.84035304324614,199.1380772824346,154.0872563400961
81306,Хімія,Львівський національний університет імені Івана Франка,173.2201855388813,120.0,80.05593451568895,39.944065484311054,179.3245570869965,246.94270122783084,200.0,114.79578990450204,200.0,148.19556070941337
81586,"Фінанси,банківськасправатастрахування",Львівський національний університет імені Івана Франка,165.33309370725036,326.8536251709986,67.81121751025992,259.0424076607387,181.3957654969002,518.2599179206567,199.27356976744184,111.41758207934336,193.50019664842682,164.21515560875514
82785,Філософія,Львівський національний університет імені Івана Франка,162.19700491400488,78.64864864864865,28.0,50.648648648648646,180.88257444717445,274.6068796068796,200.0,118.02121621621622,184.7964312039312,178.22209213759214
83093,Філологія,Львівський національний університет імені Івана Франка,173.83774393727987,144.8849910304963,48.95508604079463,95.92990498970168,191.36966046805995,1478.6098598099793,199.9998325692645,125.10185183708724,197.98380001328817,171.9005948441964
88832,Фізикатаастрономія,Львівський національний університет імені Івана Франка,152.44761046511633,112.20930232558139,39.56395348837209,72.6453488372093,151.9552934057528,97.17441860465117,200.0,111.51141279069768,196.69520348837207,127.4016453488372
88949,Туризм,Львівський національний університет імені Івана Франка,159.6767603108192,110.20203227734609,23.90376569037657,86.29826658696952,187.99662848432985,1554.3305439330543,200.0,109.70087089061566,196.59450268977884,151.93139689181112
91048,Статистика,Львівський національний університет імені Івана Франка,170.60116455696206,49.74683544303797,19.21518987341772,30.531645569620252,175.43125316455695,52.68354430379747,196.36032911392405,124.94645569620253,187.21293670886072,163.60934177215188
91100,Соціологія,Львівський національний університет імені Івана Франка,163.80725,54.51117318435754,23.78491620111732,30.726256983240223,179.8247833200319,319.6731843575419,197.73463128491622,116.25952932960892,189.83807681564244,135.45345670391063
91535,Соціальнаробота,Львівський національний університет імені Івана Франка,157.62388907284767,45.38079470198676,24.572847682119207,20.807947019867548,174.50953989217186,202.47682119205297,196.40640397350995,113.96292715231787,187.19905629139072,166.99193046357615
91757,Системнийаналіз,Львівський національний університет імені Івана Франка,173.45993037974685,71.0506329113924,55.90759493670886,15.143037974683544,184.50359086615916,529.5278481012658,199.7729759493671,115.88677974683544,198.0938683544304,171.23128924050633
92330,"Підприємництво,торгівлятабіржовадіяльність",Львівський національний університет імені Івана Франка,164.03908277830644,91.49381541389153,30.835394862036157,60.65842055185538,181.7638900624664,355.09134157944817,200.0,111.22611037107518,196.5009248334919,175.2646784015224
92738,Публічнеуправліннятаадміністрування,Львівський національний університет імені Івана Франка,161.05272948328272,71.76595744680851,8.717325227963526,63.048632218844986,188.91007269503547,229.89361702127658,195.2863313069909,120.12425379939211,192.53302887537996,185.8445425531915
92903,Психологія,Львівський національний університет імені Івана Франка,162.25309697344034,99.51327980234713,35.807288449660284,63.705991352686844,184.7047108532604,542.4243360098826,198.70470784434838,114.29457257566399,197.33985176034588,164.67884805435455
93401,Прикладнафізикатананоматеріали,Львівський національний університет імені Івана Франка,157.34746521739132,68.21739130434783,24.62608695652174,43.59130434782609,156.32382176455633,86.54782608695652,197.00451739130438,118.58262608695652,190.19398695652174,132.97985217391306
93505,Прикладнаматематика,Львівський національний університет імені Івана Франка,177.42697413249212,75.72870662460568,48.206309148264985,27.522397476340693,181.69001720269685,371.38359621451104,200.0,127.01222712933755,196.75823217665615,163.2819249211356
94170,Право,Львівський національний університет імені Івана Франка,170.1872307385759,488.0924548352816,214.17574388947926,273.9167109458023,190.96806123400714,2523.8961211477153,200.0,115.14975039851223,200.0,154.75129861849098
96842,Політологія,Львівський національний університет імені Івана Франка,169.8094909190973,68.76719867914144,28.0,40.767198679141444,190.35146193883168,618.7930654925701,200.0,112.246228398459,197.0103500275179,182.51964391854708
97573,Облікіоподаткування,Львівський національний університет імені Івана Франка,165.71790684931514,77.64840182648402,30.013698630136986,47.63470319634703,179.9736634873498,242.5269406392694,197.44342648401826,115.34120182648401,191.71324200913241,173.03018447488583
98040,НаукипроЗемлю,Львівський національний університет імені Івана Франка,155.412174796748,81.99186991869918,22.951219512195124,59.040650406504064,159.6508214672861,65.40650406504065,197.38656097560974,114.17125609756098,192.85949186991868,141.59643089430895
98128,Мікро,Львівський національний університет імені Івана Франка,155.81213715710726,75.0,55.0,20.0,158.2996967666536,134.6857855361596,195.5985187032419,110.65089775561098,190.07336907730675,136.37074314214465
98274,Міжнародніекономічнівідносини,Львівський національний університет імені Івана Франка,170.98971736842088,105.01578947368421,14.770526315789473,90.24526315789474,192.7082372169059,541.7021052631579,200.0,122.67387894736842,198.90646578947366,186.22138210526316
99056,"Міжнароднівідносини,суспільнікомунікаціїтарегіональністудії",Львівський національний університет імені Івана Франка,172.00053505727175,157.2703922249219,24.221971537660533,133.04842068726137,193.79182554943998,1292.055189170427,200.0,117.824298160361,199.16550017355084,160.0760426935092
101590,Міжнароднеправо,Львівський національний університет імені Івана Франка,170.58205173775673,112.27488151658768,15.0,97.27488151658768,197.05554932420574,844.0102685624013,200.0,121.32772827804108,199.9138981042654,189.5258669036335
102437,Менеджмент,Львівський національний університет імені Івана Франка,163.12998729303038,246.17751251443974,36.44897959183673,209.728532922603,182.18456749530884,877.915671929149,200.0,112.0585598767809,196.46615017327687,158.75437196765498
103448,Математика,Львівський національний університет імені Івана Франка,168.82674505494504,36.02417582417583,27.373626373626372,199632018.80439562,170.2006996647309,96.84175824175824,200.0,117.51325934065935,196.6768945054945,146.88354065934067
103627,Маркетинг,Львівський національний університет імені Івана Франка,164.06143700340513,62.87797956867196,22.666855845629964,40.211123723042,182.9899944665153,588.6322360953462,198.89262202043133,114.62166401816118,192.03574460839957,151.92150851305334
104227,Культурологія,Львівський національний університет імені Івана Франка,161.8471210453921,78.19807427785419,20.0,58.1980742778542,185.39118220672037,380.02338376891333,198.31443466299865,111.26050618982119,194.24480605226958,159.52585969738652
104513,Комп'ютернінауки,Львівський національний університет імені Івана Франка,170.29984457052387,108.93112547829529,85.1826098429872,334232056.2673176,186.19444757996848,1405.4786911202007,200.0,108.78414790869508,198.592475392532,160.5470824647051
106901,Економіка,Львівський національний університет імені Івана Франка,168.5528603225074,66.79900068135362,25.46082216670452,41.3381785146491,187.68632049748643,406.8074040426982,199.60262321144674,113.14977061094709,196.83784124460595,173.77766250283898
108966,Екологія,Львівський національний університет імені Івана Франка,152.59071541950115,65.21541950113378,12.046485260770975,53.16893424036281,167.74226688655258,192.74149659863946,190.66923015873016,111.87613605442178,182.97084580498864,147.158910430839
109314,Географія,Львівський національний університет імені Івана Франка,163.05439828080213,106.48997134670488,47.0,59.48997134670487,183.3451950465757,565.7263610315186,200.0,111.40334527220631,196.37178151862463,151.08541762177651
109767,Біологія,Львівський національний університет імені Івана Франка,169.4158926027396,209.6104109589041,111.5386301369863,98.07178082191781,179.5266195116777,625.6772602739726,200.0,114.76585150684932,197.7497336986301,159.24130684931507
110478,Історіятаархеологія,Львівський національний університет імені Івана Франка,167.02314609352308,131.76183560848096,59.91693290734824,71.84490270113274,188.7987095524886,1166.876851582922,200.0,111.89696834156258,199.78959744408945,141.33726982282894
111592,"Інформаційна,бібліотечнатаархівнасправа",Львівський національний університет імені Івана Франка,161.54774789915965,36.10644257703081,13.96358543417367,22.142857142857142,176.75129827931173,120.75350140056022,192.561837535014,120.04949299719888,185.31466386554624,171.60708683473388
1708,Публічнеуправліннятаадміністрування,Харківський національний університет імені В.Н. Каразіна,158.1574159090909,30.0,12.0,18.0,184.0138051948052,220.29090909090908,195.9892909090909,121.50240000000001,192.219,161.2833272727273
9972,Журналістика,Харківський національний університет імені В.Н. Каразіна,167.8912918817456,82.6137963397466,5.296574378226185,77.31722196152042,191.86348130768027,737.346316283435,200.0,117.54104739558893,197.68026888784607,175.3094246832473
14282,Культурологія,Харківський національний університет імені В.Н. Каразіна,156.56240604026848,35.46979865771812,3.546979865771812,31.92281879194631,178.0846409395973,150.31543624161074,192.6711543624161,112.542966442953,188.93617449664427,156.74422147651006
16921,Екологія,Сумський державний університет,148.60811188811192,22.146853146853147,10.0,1058622196.5804195,162.1976783216783,71.67132867132867,195.32371328671329,109.67854545454544,193.76399300699302,126.3471048951049
17855,Журналістика,Сумський державний університет,166.8596473829201,78.30578512396694,10.622589531680442,761780252.5619835,191.40591790633607,192.41046831955921,200.0,117.27045730027548,195.71017079889808,189.21897520661156
18562,Міжнародніекономічнівідносини,Національний університет «Львівська політехніка»,165.37199333333345,140.0,23.0,117.0,182.9596153846154,450.0,199.308,111.588,195.789,118.677
19012,"Міжнароднівідносини,суспільнікомунікаціїтарегіональністудії",Національний університет «Львівська політехніка»,165.46281506849306,146.15068493150685,17.643835616438356,128.5068493150685,189.42038455790788,934.1041095890411,199.99929315068493,113.99701643835617,197.5387616438356,162.2412
20472,Публічнеуправліннятаадміністрування,Національний університет «Львівська політехніка»,160.7883539094651,45.0,11.0,34.0,185.80228571428572,243.0,195.283,115.005,189.72,182.631
20715,Транспортнітехнології,Національний університет «Львівська політехніка»,146.8081323529412,140.0,61.0,79.0,147.52416129032258,136.0,183.162,107.457,170.313,109.752
20851,Автомобільнийтранспорт,Національний університет «Львівська політехніка»,141.93354696132604,165.0,42.0,123.0,149.61391304347825,181.0,184.047,102.561,183.83900000000003,110.16
21032,Цивільнабезпека,Національний університет «Львівська політехніка»,142.24087500000002,40.0,10.0,30.0,153.898,32.0,169.208,111.894,153.898,153.898
21064,Пожежнабезпека,Національний університет «Львівська політехніка»,143.49687804878053,40.0,10.0,30.0,147.2511111111111,41.0,172.40400000000002,114.132,172.40400000000002,134.461
21105,Туризм,Національний університет «Львівська політехніка»,156.61353911205072,65.0,23.0,42.0,174.79,473.0,195.789,109.752,188.496,136.884
21578,Соціальнезабезпечення,Національний університет «Львівська політехніка»,154.52198701298704,50.0,11.0,39.0,177.2602,385.0,197.416,104.601,194.03500000000003,119.289
21963,Соціальнаробота,Національний університет «Львівська політехніка»,155.42989320388344,60.0,13.0,47.0,179.14600000000002,206.0,197.208,111.384,182.631,174.31799999999998
22169,"Фармація,промисловафармація",Національний університет «Львівська політехніка»,164.0090937500001,90.0,22.0,68.0,183.31694117647055,352.0,200.0,108.32400000000001,192.984,178.908
22521,"Гідротехнічнебудівництво,воднаінженеріятаводнітехнології",Національний університет «Львівська політехніка»,146.9582,50.0,10.0,40.0,161.88440000000003,55.0,187.887,112.353,187.887,135.096
22576,Геодезіятаземлеустрій,Національний університет «Львівська політехніка»,149.14197953216365,230.0,84.0,146.0,148.73448076923074,342.0,189.006,108.30600000000001,182.687,108.30600000000001
22918,Будівництвотацивільнаінженерія,Національний університет «Львівська політехніка»,152.19823277909745,350.0,186.0,164.0,153.65989855072473,421.0,192.556,107.40599999999999,189.457,111.167
23339,Видавництвотаполіграфія,Національний університет «Львівська політехніка»,162.4362179487179,40.0,31.0,9.0,167.69708108108108,156.0,190.842,131.66299999999998,186.18,133.847
23495,Харчовітехнології,Національний університет «Львівська політехніка»,167.79613207547172,40.0,28.0,12.0,166.97096428571427,159.0,200.0,122.34900000000002,190.965,132.29399999999998
23654,Авіоніка,Національний університет «Львівська політехніка»,158.8778837209302,40.0,10.0,30.0,152.489125,43.0,191.59000000000003,116.688,179.46900000000002,116.688
23697,Електроніка,Національний університет «Львівська політехніка»,158.4051208791209,50.0,14.0,36.0,161.24042857142857,91.0,196.656,119.178,191.58999999999997,123.912
23788,Біотехнологіїтабіоінженерія,Національний університет «Львівська політехніка»,172.86290750000012,50.0,21.0,29.0,188.2625833333333,400.0,200.0,113.072,200.0,123.012
24188,Мікро,Національний університет «Львівська політехніка»,161.3903138686131,90.0,30.0,60.0,159.4837307692308,137.0,199.691,111.231,186.856,134.844
24325,Метрологіятаінформаційно,Національний університет «Львівська політехніка»,153.15736496350362,185.0,38.0,147.0,156.64048571428577,137.0,186.099,113.577,181.186,132.80700000000002
24462,Автоматизаціятакомп’ютерно,Національний університет «Львівська політехніка»,155.48164179104475,60.0,42.0,18.0,159.78889473684214,268.0,199.133,111.18,185.977,119.34
24730,"Електроенергетика,електротехнікатаелектромеханіка",Національний університет «Львівська політехніка»,151.99951549295773,400.0,110.0,290.0,152.93713861386138,355.0,189.69499999999996,104.61199999999998,189.665,113.144
25085,Прикладнамеханіка,Національний університет «Львівська політехніка»,155.14600568181817,145.0,68.0,77.0,151.39175,176.0,200.0,114.19900000000001,194.607,119.344
25261,Інформаційнісистемитатехнології,Національний університет «Львівська політехніка»,168.00582402234656,79.98603351955308,20.0,59.986033519553075,181.2230967741936,716.0,200.0,103.42800000000001,193.8,168.025
25977,Кібербезпека,Національний університет «Львівська політехніка»,168.38907551867217,230.0,91.0,139.0,184.25036144578308,1205.0,200.0,112.50600000000001,199.653,151.52100000000002
27182,Системнийаналіз,Національний університет «Львівська політехніка»,169.9724875776397,100.0,32.0,68.0,172.82128260869564,644.0,200.0,123.624,191.121,145.299
27826,Комп’ютернаінженерія,Національний університет «Львівська політехніка»,167.84188306451642,250.0,187.0,63.0,179.94566467065866,1240.0,200.0,103.428,192.015,164.475
29066,Комп'ютернінауки,Національний університет «Львівська політехніка»,174.1424025604553,363.37126600284495,189.16216216216216,174.2091038406828,189.34872901905698,1656.950213371266,200.0,121.48591749644382,200.0,146.89269559032718
31878,Інженеріяпрограмногозабезпечення,Національний університет «Львівська політехніка»,175.72424111374403,163.0,127.0,36.0,192.84446846846853,1688.0,200.0,125.256,200.0,145.44799999999998
33566,Прикладнаматематика,Національний університет «Львівська політехніка»,177.9457986425341,100.0,66.0,34.0,181.8551428571428,442.0,200.0,124.032,196.911,166.71900000000002
34008,НаукипроЗемлю,Національний університет «Львівська політехніка»,149.27122,50.0,13.0,37.0,146.06469230769233,50.0,183.26,118.169,166.173,129.093
34058,Екологія,Національний університет «Львівська політехніка»,150.12273595505616,40.0,32.0,8.0,157.8839090909091,178.0,191.84999999999997,105.478,180.32,113.63199999999999
34236,Право,Національний університет «Львівська політехніка»,164.99667909967835,290.0,55.0,235.0,182.6806037735849,1555.0,200.0,103.785,194.41200000000003,140.352
35791,"Підприємництво,торгівлятабіржовадіяльність",Національний університет «Львівська політехніка»,159.39210833333337,15.0,15.0,2018444279.0,177.96733333333336,240.0,196.01899999999998,110.415,182.988,172.83900000000003
36031,Маркетинг,Національний університет «Львівська політехніка»,161.5791136801539,90.0,18.0,72.0,187.7649375,519.0,200.0,113.067,196.299,171.614
36550,Менеджмент,Національний університет «Львівська політехніка»,162.4024885714283,300.0,116.0,184.0,180.3518313253012,1050.0,200.0,110.262,192.347,121.571
37600,"Фінанси,банківськасправатастрахування",Національний університет «Львівська політехніка»,166.06874324324343,190.0,63.0,127.0,179.08365,518.0,200.0,104.295,195.687,165.903
38118,Облікіоподаткування,Національний університет «Львівська політехніка»,165.7485492957746,140.0,45.0,95.0,176.00278378378383,355.0,200.0,110.415,189.197,169.983
38473,Журналістика,Національний університет «Львівська політехніка»,163.9593492063491,40.0,10.0,30.0,188.132625,693.0,200.0,112.779,192.933,185.64
39166,Психологія,Національний університет «Львівська політехніка»,159.36824484536072,140.0,29.0,111.0,178.10921739130436,388.0,200.0,109.956,188.416,152.541
39554,Філологія,Національний університет «Львівська політехніка»,168.88453600654688,270.0,72.0,198.0,189.39892957746488,1222.0,200.0,111.588,200.0,145.503
40776,"Інформаційна,бібліотечнатаархівнасправа",Національний університет «Львівська політехніка»,154.86912365591402,80.0,15.0,65.0,182.2241,186.0,191.454,113.424,188.751,173.903
40962,"Музеєзнавство,пам’яткознавство",Національний університет «Львівська політехніка»,156.9749,25.0,10.0,15.0,181.3815,170.0,197.416,106.84500000000001,183.753,178.80599999999998
41132,Професійнаосвіта,Національний університет «Львівська політехніка»,148.89234848484847,110.0,19.0,91.0,152.3624705882353,66.0,190.23,111.947,173.123,117.409
41986,Гірництво,Національний технічний університет України «Київський політехнічний інститут імені Ігоря Сікорського»,148.21863380281692,85.0,11.014084507042254,37.985915492957744,153.5857848911652,71.01408450704226,181.09025352112675,114.48464788732396,168.43647887323942,131.30492957746478
69406,Журналістика,Національний технічний університет України «Київський політехнічний інститут імені Ігоря Сікорського»,166.52955002891804,120.0,14.606130711393869,42.962406015037594,191.06488419124736,903.4499710815501,200.0,114.56644360902256,197.26260844418738,179.82157316367844
76426,Готельно,Львівський національний університет імені Івана Франка,157.00417820069208,62.03373702422145,10.412629757785467,51.621107266435985,186.4163474625144,595.6487889273357,198.8044411764706,113.4771617647059,197.17414100346022,169.25779411764708
77419,Інформаційнісистемитатехнології,Львівський національний університет імені Івана Франка,162.94751963746208,99.47834843907351,10.478348439073514,89.0,187.96305991943603,497.4310171198389,200.0,110.9149335347432,194.21262235649547,183.14320845921452
89979,Журналістика,Львівський національний університет імені Івана Франка,170.1322184480233,150.0,50.0,100.0,191.3609152919465,1713.4152269399708,200.0,109.955850658858,200.0,159.62380234260615
101356,Середняосвіта,Львівський національний університет імені Івана Франка,166.67361093394075,136.4004555808656,29.937129840546696,106.46332574031891,183.10050186209966,518.8259681093394,199.22216400911162,115.54857403189065,198.2046701594533,168.2047353075171
103096,Початковаосвіта,Львівський національний університет імені Івана Франка,155.81863047285458,75.0,33.01926444833625,41.98073555166375,175.24790260437263,285.6059544658494,197.04367775831875,112.42790893169878,197.04367775831875,150.30698423817864
103376,Дошкільнаосвіта,Львівський національний університет імені Івана Франка,151.99505560791698,75.0,19.442035815268614,55.55796418473138,176.7430080113101,537.6295947219604,197.01318378887842,111.22210744580583,183.92340056550424,157.4837700282752
10926,Політологія,Харківський національний університет імені В.Н. Каразіна,162.8672642487046,38.0,5.0,33.0,191.76,193.0,196.707,111.078,191.76,191.76
14335,Середняосвіта,Харківський національний університет імені В.Н. Каразіна,165.44927868852457,75.0,5.0,70.0,188.00325,61.0,198.716,118.728,198.716,180.301
14599,Громадськездоров`я,Сумський державний університет,163.00280851063826,20.0,9.0,2.0,183.3753333333333,47.0,197.678,121.52399999999999,187.2,178.58599999999998
15991,Хімія,Сумський державний університет,165.38203571428576,25.0,5.0,2.0,190.4186,28.0,200.0,118.716,200.0,174.12999999999997
17674,Історіятаархеологія,Сумський державний університет,161.15966666666668,25.0,5.0,2.0,188.708,114.0,194.792,113.35999999999999,191.152,186.472
20396,Пожежнабезпека,"Національний університет ""Львівська політехніка""",145.2278936170213,40.0,11.0,29.0,153.2987142857143,47.0,182.187,119.79899999999999,165.424,139.939
21727,"Гідротехнічнебудівництво,воднаінженеріятаводнітехнології","Національний університет ""Львівська політехніка""",151.73569387755103,50.0,11.0,39.0,164.47275,49.0,197.09,117.759,191.33,153.86700000000002
22751,Нафтогазоваінженеріятатехнології,"Національний університет ""Львівська політехніка""",153.86083999999997,10.0,5.0,5.0,137.125,50.0,191.81100000000004,115.617,137.125,137.125
25333,Матеріалознавство,"Національний університет ""Львівська політехніка""",144.4606818181818,20.0,9.0,11.0,150.47133333333335,22.0,180.132,112.675,166.36,134.13
39545,Журналістика,"Національний університет ""Львівська політехніка""",164.88172871046245,40.0,11.0,29.0,186.133,822.0,200.0,109.03800000000001,196.962,157.18200000000002
42929,Професійнаосвіта,"Національний університет ""Львівська політехніка""",145.56759999999997,110.0,20.0,90.0,154.66299999999998,65.0,178.857,100.98,163.811,146.88
99140,Менеджментсоціокультурноїдіяльності,Львівський національний університет імені Івана Франка,161.90404761904762,30.0,10.0,20.0,177.48000000000002,84.0,200.0,113.22,177.99,176.97
2756,Теплоенергетика,Харківський національний університет імені В.Н. Каразіна,0.0,0.0,0.0,0.0,0.0,0.0,0.0,0.0,0.0,0.0
16634,Міжнароднеправо,Сумський державний університет,0.0,0.0,0.0,0.0,0.0,0.0,0.0,0.0,0.0,0.0
20276,Середняосвіта,Сумський державний університет,0.0,0.0,0.0,0.0,0.0,0.0,0.0,0.0,0.0,0.0
84069,Кібербезпека,Львівський національний університет імені Івана Франка,0.0,0.0,0.0,0.0,0.0,0.0,0.0,0.0,0.0,0.0
86696,Інженеріяпрограмногозабезпечення,Львівський національний університет імені Івана Франка,0.0,0.0,0.0,0.0,0.0,0.0,0.0,0.0,0.0,0.0
107043,Спеціальнаосвіта,Львівський національний університет імені Івана Франка,0.0,0.0,0.0,0.0,0.0,0.0,0.0,0.0,0.0,0.0
